url,error,directory,references,fallback_mirrored,fallback_url,materials
https://www.sv-innokenty.ru/assets/images/16-voskresnaya-shkola/2016.01---rozhdestvo/01-1.jpg,HTTP Error 404: Not Found,/assets/images/16-voskresnaya-shkola/2016.01---rozhdestvo,1,False,,"В Воскресной школе нашего храма прошел праздник, посвященный Рождеству Христову [/o-hrame/novosti-prihoda/v-voskresnoy-shkole-nashego-hrama-proshel-prazdnik-posvyashhennyy-rozhdestvu-hristovu.html]"
https://www.sv-innokenty.ru/assets/images/16-voskresnaya-shkola/2016.01---rozhdestvo/01-2.jpg,HTTP Error 404: Not Found,/assets/images/16-voskresnaya-shkola/2016.01---rozhdestvo,1,False,,"В Воскресной школе нашего храма прошел праздник, посвященный Рождеству Христову [/o-hrame/novosti-prihoda/v-voskresnoy-shkole-nashego-hrama-proshel-prazdnik-posvyashhennyy-rozhdestvu-hristovu.html]"
https://www.sv-innokenty.ru/assets/images/16-voskresnaya-shkola/2016.01---rozhdestvo/01-3.jpg,HTTP Error 404: Not Found,/assets/images/16-voskresnaya-shkola/2016.01---rozhdestvo,1,False,,"В Воскресной школе нашего храма прошел праздник, посвященный Рождеству Христову [/o-hrame/novosti-prihoda/v-voskresnoy-shkole-nashego-hrama-proshel-prazdnik-posvyashhennyy-rozhdestvu-hristovu.html]"
https://www.sv-innokenty.ru/assets/images/16-voskresnaya-shkola/2016.01---rozhdestvo/DSC08412.TIF-(1370x2000).jpg,HTTP Error 404: Not Found,/assets/images/16-voskresnaya-shkola/2016.01---rozhdestvo,1,False,,"В Воскресной школе нашего храма прошел праздник, посвященный Рождеству Христову [/o-hrame/novosti-prihoda/v-voskresnoy-shkole-nashego-hrama-proshel-prazdnik-posvyashhennyy-rozhdestvu-hristovu.html]"
https://www.sv-innokenty.ru/assets/images/16-voskresnaya-shkola/2016.01---rozhdestvo/DSC08424.TIF-(2000x1567).jpg,HTTP Error 404: Not Found,/assets/images/16-voskresnaya-shkola/2016.01---rozhdestvo,1,False,,"В Воскресной школе нашего храма прошел праздник, посвященный Рождеству Христову [/o-hrame/novosti-prihoda/v-voskresnoy-shkole-nashego-hrama-proshel-prazdnik-posvyashhennyy-rozhdestvu-hristovu.html]"
https://www.sv-innokenty.ru/assets/images/16-voskresnaya-shkola/2016.01---rozhdestvo/DSC08435.TIF-(2000x1440).jpg,HTTP Error 404: Not Found,/assets/images/16-voskresnaya-shkola/2016.01---rozhdestvo,1,False,,"В Воскресной школе нашего храма прошел праздник, посвященный Рождеству Христову [/o-hrame/novosti-prihoda/v-voskresnoy-shkole-nashego-hrama-proshel-prazdnik-posvyashhennyy-rozhdestvu-hristovu.html]"
https://www.sv-innokenty.ru/assets/images/16-voskresnaya-shkola/2016.01---rozhdestvo/DSC08458.TIF-(2000x1253).jpg,HTTP Error 404: Not Found,/assets/images/16-voskresnaya-shkola/2016.01---rozhdestvo,1,False,,"В Воскресной школе нашего храма прошел праздник, посвященный Рождеству Христову [/o-hrame/novosti-prihoda/v-voskresnoy-shkole-nashego-hrama-proshel-prazdnik-posvyashhennyy-rozhdestvu-hristovu.html]"
https://www.sv-innokenty.ru/assets/images/16-voskresnaya-shkola/2016.01---rozhdestvo/DSC08465.TIF-(2000x1448).jpg,HTTP Error 404: Not Found,/assets/images/16-voskresnaya-shkola/2016.01---rozhdestvo,1,False,,"В Воскресной школе нашего храма прошел праздник, посвященный Рождеству Христову [/o-hrame/novosti-prihoda/v-voskresnoy-shkole-nashego-hrama-proshel-prazdnik-posvyashhennyy-rozhdestvu-hristovu.html]"
https://www.sv-innokenty.ru/assets/images/16-voskresnaya-shkola/2016.01---rozhdestvo/DSC08499.TIF-(1645x2000).jpg,HTTP Error 404: Not Found,/assets/images/16-voskresnaya-shkola/2016.01---rozhdestvo,1,False,,"В Воскресной школе нашего храма прошел праздник, посвященный Рождеству Христову [/o-hrame/novosti-prihoda/v-voskresnoy-shkole-nashego-hrama-proshel-prazdnik-posvyashhennyy-rozhdestvu-hristovu.html]"
https://www.sv-innokenty.ru/assets/images/16-voskresnaya-shkola/2016.01---rozhdestvo/DSC08523.TIF-(2000x1328).jpg,HTTP Error 404: Not Found,/assets/images/16-voskresnaya-shkola/2016.01---rozhdestvo,1,False,,"В Воскресной школе нашего храма прошел праздник, посвященный Рождеству Христову [/o-hrame/novosti-prihoda/v-voskresnoy-shkole-nashego-hrama-proshel-prazdnik-posvyashhennyy-rozhdestvu-hristovu.html]"
https://www.sv-innokenty.ru/assets/images/16-voskresnaya-shkola/2016.01---rozhdestvo/DSC08526.TIF-(2000x1430).jpg,HTTP Error 404: Not Found,/assets/images/16-voskresnaya-shkola/2016.01---rozhdestvo,1,False,,"В Воскресной школе нашего храма прошел праздник, посвященный Рождеству Христову [/o-hrame/novosti-prihoda/v-voskresnoy-shkole-nashego-hrama-proshel-prazdnik-posvyashhennyy-rozhdestvu-hristovu.html]"
https://www.sv-innokenty.ru/assets/images/16-voskresnaya-shkola/2016.01---rozhdestvo/DSC08549.TIF-(1398x2000).jpg,HTTP Error 404: Not Found,/assets/images/16-voskresnaya-shkola/2016.01---rozhdestvo,1,False,,"В Воскресной школе нашего храма прошел праздник, посвященный Рождеству Христову [/o-hrame/novosti-prihoda/v-voskresnoy-shkole-nashego-hrama-proshel-prazdnik-posvyashhennyy-rozhdestvu-hristovu.html]"
https://www.sv-innokenty.ru/assets/images/16-voskresnaya-shkola/2016.01---rozhdestvo/DSC08555.TIF-(2000x1315).jpg,HTTP Error 404: Not Found,/assets/images/16-voskresnaya-shkola/2016.01---rozhdestvo,2,False,,"В Воскресной школе нашего храма прошел праздник, посвященный Рождеству Христову [/o-hrame/novosti-prihoda/v-voskresnoy-shkole-nashego-hrama-proshel-prazdnik-posvyashhennyy-rozhdestvu-hristovu.html]; Молодёжная организация нашего храма приняла участие в Рождественском концерте [/o-hrame/novosti-prihoda/molodezhnaya-organizaciya-nashego-hrama-prinyala-uchastie-v-rozhdestvenskom-koncerte.html]"
https://www.sv-innokenty.ru/assets/images/16-voskresnaya-shkola/2016.01---rozhdestvo/DSC08585.TIF-(2000x1327).jpg,HTTP Error 404: Not Found,/assets/images/16-voskresnaya-shkola/2016.01---rozhdestvo,2,False,,"В Воскресной школе нашего храма прошел праздник, посвященный Рождеству Христову [/o-hrame/novosti-prihoda/v-voskresnoy-shkole-nashego-hrama-proshel-prazdnik-posvyashhennyy-rozhdestvu-hristovu.html]; Молодёжная организация нашего храма приняла участие в Рождественском концерте [/o-hrame/novosti-prihoda/molodezhnaya-organizaciya-nashego-hrama-prinyala-uchastie-v-rozhdestvenskom-koncerte.html]"
https://www.sv-innokenty.ru/assets/images/16-voskresnaya-shkola/2016.01---rozhdestvo/DSC08594.TIF-(2000x1221).jpg,HTTP Error 404: Not Found,/assets/images/16-voskresnaya-shkola/2016.01---rozhdestvo,2,False,,"В Воскресной школе нашего храма прошел праздник, посвященный Рождеству Христову [/o-hrame/novosti-prihoda/v-voskresnoy-shkole-nashego-hrama-proshel-prazdnik-posvyashhennyy-rozhdestvu-hristovu.html]; Молодёжная организация нашего храма приняла участие в Рождественском концерте [/o-hrame/novosti-prihoda/molodezhnaya-organizaciya-nashego-hrama-prinyala-uchastie-v-rozhdestvenskom-koncerte.html]"
https://www.sv-innokenty.ru/assets/images/16-voskresnaya-shkola/2016.01---rozhdestvo/DSC08602.TIF-(2000x1263).jpg,HTTP Error 404: Not Found,/assets/images/16-voskresnaya-shkola/2016.01---rozhdestvo,1,False,,"В Воскресной школе нашего храма прошел праздник, посвященный Рождеству Христову [/o-hrame/novosti-prihoda/v-voskresnoy-shkole-nashego-hrama-proshel-prazdnik-posvyashhennyy-rozhdestvu-hristovu.html]"
https://www.sv-innokenty.ru/assets/images/16-voskresnaya-shkola/2016.01---rozhdestvo/DSC08605.TIF-(2000x1502).jpg,HTTP Error 404: Not Found,/assets/images/16-voskresnaya-shkola/2016.01---rozhdestvo,1,False,,"В Воскресной школе нашего храма прошел праздник, посвященный Рождеству Христову [/o-hrame/novosti-prihoda/v-voskresnoy-shkole-nashego-hrama-proshel-prazdnik-posvyashhennyy-rozhdestvu-hristovu.html]"
https://www.sv-innokenty.ru/assets/images/16-voskresnaya-shkola/2016.01---rozhdestvo/DSC08616.TIF-(1517x2000).jpg,HTTP Error 404: Not Found,/assets/images/16-voskresnaya-shkola/2016.01---rozhdestvo,1,False,,"В Воскресной школе нашего храма прошел праздник, посвященный Рождеству Христову [/o-hrame/novosti-prihoda/v-voskresnoy-shkole-nashego-hrama-proshel-prazdnik-posvyashhennyy-rozhdestvu-hristovu.html]"
https://www.sv-innokenty.ru/assets/images/novosti-i-anonsy-2016/2016.01.24/DSC09138.TIF-(1980x1471).jpg,HTTP Error 404: Not Found,/assets/images/novosti-i-anonsy-2016/2016.01.24,1,False,,Состоялся концерт струнного оркестра учеников Школы искусств им. И.-С. Баха [/o-hrame/novosti-prihoda/sostoyalsya-koncert-strunnogo-orkestra-uchenikov-shkoly-iskusstv-im.-i.-s.-baha.html]
https://www.sv-innokenty.ru/assets/images/novosti-i-anonsy-2016/2016.01.24/DSC09140.TIF-(1980x1467).jpg,HTTP Error 404: Not Found,/assets/images/novosti-i-anonsy-2016/2016.01.24,1,False,,Состоялся концерт струнного оркестра учеников Школы искусств им. И.-С. Баха [/o-hrame/novosti-prihoda/sostoyalsya-koncert-strunnogo-orkestra-uchenikov-shkoly-iskusstv-im.-i.-s.-baha.html]
https://www.sv-innokenty.ru/assets/images/novosti-i-anonsy-2016/2016.01.24/DSC09151.TIF-(1980x1850).jpg,HTTP Error 404: Not Found,/assets/images/novosti-i-anonsy-2016/2016.01.24,1,False,,Состоялся концерт струнного оркестра учеников Школы искусств им. И.-С. Баха [/o-hrame/novosti-prihoda/sostoyalsya-koncert-strunnogo-orkestra-uchenikov-shkoly-iskusstv-im.-i.-s.-baha.html]
https://www.sv-innokenty.ru/assets/images/novosti-i-anonsy-2016/2016.01.24/DSC09159.TIF-(1485x1980).jpg,HTTP Error 404: Not Found,/assets/images/novosti-i-anonsy-2016/2016.01.24,1,False,,Состоялся концерт струнного оркестра учеников Школы искусств им. И.-С. Баха [/o-hrame/novosti-prihoda/sostoyalsya-koncert-strunnogo-orkestra-uchenikov-shkoly-iskusstv-im.-i.-s.-baha.html]
https://www.sv-innokenty.ru/assets/images/novosti-i-anonsy-2016/2016.01.24/DSC09169.TIF-(1980x1814).jpg,HTTP Error 404: Not Found,/assets/images/novosti-i-anonsy-2016/2016.01.24,1,False,,Состоялся концерт струнного оркестра учеников Школы искусств им. И.-С. Баха [/o-hrame/novosti-prihoda/sostoyalsya-koncert-strunnogo-orkestra-uchenikov-shkoly-iskusstv-im.-i.-s.-baha.html]
https://www.sv-innokenty.ru/assets/images/novosti-i-anonsy-2016/2016.01.24/DSC09171.TIF-(1980x1403).jpg,HTTP Error 404: Not Found,/assets/images/novosti-i-anonsy-2016/2016.01.24,1,False,,Состоялся концерт струнного оркестра учеников Школы искусств им. И.-С. Баха [/o-hrame/novosti-prihoda/sostoyalsya-koncert-strunnogo-orkestra-uchenikov-shkoly-iskusstv-im.-i.-s.-baha.html]
https://www.sv-innokenty.ru/assets/images/novosti-i-anonsy-2016/2016.01.24/DSC09179.TIF-(1980x1366).jpg,HTTP Error 404: Not Found,/assets/images/novosti-i-anonsy-2016/2016.01.24,1,False,,Состоялся концерт струнного оркестра учеников Школы искусств им. И.-С. Баха [/o-hrame/novosti-prihoda/sostoyalsya-koncert-strunnogo-orkestra-uchenikov-shkoly-iskusstv-im.-i.-s.-baha.html]
https://www.sv-innokenty.ru/assets/images/novosti-i-anonsy-2016/2016.01.24/DSC09181.TIF-(1980x1273).jpg,HTTP Error 404: Not Found,/assets/images/novosti-i-anonsy-2016/2016.01.24,1,False,,Состоялся концерт струнного оркестра учеников Школы искусств им. И.-С. Баха [/o-hrame/novosti-prihoda/sostoyalsya-koncert-strunnogo-orkestra-uchenikov-shkoly-iskusstv-im.-i.-s.-baha.html]
https://www.sv-innokenty.ru/assets/images/novosti-i-anonsy-2016/2016.01.24/DSC09191.TIF-(1980x1330).jpg,HTTP Error 404: Not Found,/assets/images/novosti-i-anonsy-2016/2016.01.24,1,False,,Состоялся концерт струнного оркестра учеников Школы искусств им. И.-С. Баха [/o-hrame/novosti-prihoda/sostoyalsya-koncert-strunnogo-orkestra-uchenikov-shkoly-iskusstv-im.-i.-s.-baha.html]
https://www.sv-innokenty.ru/assets/images/novosti-i-anonsy-2016/2016.01.30/DSC09489.TIF-(2000x1422).jpg,HTTP Error 404: Not Found,/assets/images/novosti-i-anonsy-2016/2016.01.30,1,False,,Наш храм посетила группа активистов Российского союза ветеранов Афганистана [/o-hrame/novosti-prihoda/nash-hram-posetila-gruppa-aktivistov-rossiyskogo-souza-veteranov-afganistana.html]
https://www.sv-innokenty.ru/assets/images/novosti-i-anonsy-2016/2016.01.30/DSC09490.TIF-(2000x1545).jpg,HTTP Error 404: Not Found,/assets/images/novosti-i-anonsy-2016/2016.01.30,1,False,,Наш храм посетила группа активистов Российского союза ветеранов Афганистана [/o-hrame/novosti-prihoda/nash-hram-posetila-gruppa-aktivistov-rossiyskogo-souza-veteranov-afganistana.html]
https://www.sv-innokenty.ru/assets/images/novosti-i-anonsy-2016/2016.01.30/DSC09494.TIF-(2000x1574).jpg,HTTP Error 404: Not Found,/assets/images/novosti-i-anonsy-2016/2016.01.30,1,False,,Наш храм посетила группа активистов Российского союза ветеранов Афганистана [/o-hrame/novosti-prihoda/nash-hram-posetila-gruppa-aktivistov-rossiyskogo-souza-veteranov-afganistana.html]
https://www.sv-innokenty.ru/assets/images/novosti-i-anonsy-2016/2016.01.30/DSC09498.TIF-(2000x1313).jpg,HTTP Error 404: Not Found,/assets/images/novosti-i-anonsy-2016/2016.01.30,1,False,,Наш храм посетила группа активистов Российского союза ветеранов Афганистана [/o-hrame/novosti-prihoda/nash-hram-posetila-gruppa-aktivistov-rossiyskogo-souza-veteranov-afganistana.html]
https://www.sv-innokenty.ru/assets/images/novosti-i-anonsy-2016/2016.01.30/DSC09503.TIF-(1463x2000).jpg,HTTP Error 404: Not Found,/assets/images/novosti-i-anonsy-2016/2016.01.30,1,False,,Наш храм посетила группа активистов Российского союза ветеранов Афганистана [/o-hrame/novosti-prihoda/nash-hram-posetila-gruppa-aktivistov-rossiyskogo-souza-veteranov-afganistana.html]
https://www.sv-innokenty.ru/assets/images/novosti-i-anonsy-2016/2016.02.06/DSC09518.TIF-(1414x2000).jpg,HTTP Error 404: Not Found,/assets/images/novosti-i-anonsy-2016/2016.02.06,1,False,,Настоятель нашего храма принял участие в архиерейском богослужении в храме св. блж. Ксении Петербургской в Бескудникове [/o-hrame/novosti-prihoda/nastoyatel-nashego-hrama-prinyal-uchastie-v-arhiereyskom-bogosluzhenii-v-hrame-sv.-blzh.-ksenii-peterburgskoy-v-beskudnikove.html]
https://www.sv-innokenty.ru/assets/images/novosti-i-anonsy-2016/2016.02.06/DSC09521.TIF-(1417x2000).jpg,HTTP Error 404: Not Found,/assets/images/novosti-i-anonsy-2016/2016.02.06,1,False,,Настоятель нашего храма принял участие в архиерейском богослужении в храме св. блж. Ксении Петербургской в Бескудникове [/o-hrame/novosti-prihoda/nastoyatel-nashego-hrama-prinyal-uchastie-v-arhiereyskom-bogosluzhenii-v-hrame-sv.-blzh.-ksenii-peterburgskoy-v-beskudnikove.html]
https://www.sv-innokenty.ru/assets/images/novosti-i-anonsy-2016/2016.02.06/DSC09524.TIF-(2000x1412).jpg,HTTP Error 404: Not Found,/assets/images/novosti-i-anonsy-2016/2016.02.06,1,False,,Настоятель нашего храма принял участие в архиерейском богослужении в храме св. блж. Ксении Петербургской в Бескудникове [/o-hrame/novosti-prihoda/nastoyatel-nashego-hrama-prinyal-uchastie-v-arhiereyskom-bogosluzhenii-v-hrame-sv.-blzh.-ksenii-peterburgskoy-v-beskudnikove.html]
https://www.sv-innokenty.ru/assets/images/novosti-i-anonsy-2016/2016.02.06/DSC09550.TIF-(1416x2000).jpg,HTTP Error 404: Not Found,/assets/images/novosti-i-anonsy-2016/2016.02.06,1,False,,Настоятель нашего храма принял участие в архиерейском богослужении в храме св. блж. Ксении Петербургской в Бескудникове [/o-hrame/novosti-prihoda/nastoyatel-nashego-hrama-prinyal-uchastie-v-arhiereyskom-bogosluzhenii-v-hrame-sv.-blzh.-ksenii-peterburgskoy-v-beskudnikove.html]
https://www.sv-innokenty.ru/assets/images/novosti-i-anonsy-2016/2016.02.06/DSC09551.TIF-(2000x1415).jpg,HTTP Error 404: Not Found,/assets/images/novosti-i-anonsy-2016/2016.02.06,1,False,,Настоятель нашего храма принял участие в архиерейском богослужении в храме св. блж. Ксении Петербургской в Бескудникове [/o-hrame/novosti-prihoda/nastoyatel-nashego-hrama-prinyal-uchastie-v-arhiereyskom-bogosluzhenii-v-hrame-sv.-blzh.-ksenii-peterburgskoy-v-beskudnikove.html]
https://www.sv-innokenty.ru/assets/images/novosti-i-anonsy-2016/2016.02.06/DSC09558.TIF-(1415x2000).jpg,HTTP Error 404: Not Found,/assets/images/novosti-i-anonsy-2016/2016.02.06,1,False,,Настоятель нашего храма принял участие в архиерейском богослужении в храме св. блж. Ксении Петербургской в Бескудникове [/o-hrame/novosti-prihoda/nastoyatel-nashego-hrama-prinyal-uchastie-v-arhiereyskom-bogosluzhenii-v-hrame-sv.-blzh.-ksenii-peterburgskoy-v-beskudnikove.html]
https://www.sv-innokenty.ru/assets/images/novosti-i-anonsy-2016/2016.02.06/DSC09582.TIF-(2000x1415).jpg,HTTP Error 404: Not Found,/assets/images/novosti-i-anonsy-2016/2016.02.06,1,False,,Настоятель нашего храма принял участие в архиерейском богослужении в храме св. блж. Ксении Петербургской в Бескудникове [/o-hrame/novosti-prihoda/nastoyatel-nashego-hrama-prinyal-uchastie-v-arhiereyskom-bogosluzhenii-v-hrame-sv.-blzh.-ksenii-peterburgskoy-v-beskudnikove.html]
https://www.sv-innokenty.ru/assets/images/novosti-i-anonsy-2016/2016.02.06/DSC09585.TIF-(2000x1415).jpg,HTTP Error 404: Not Found,/assets/images/novosti-i-anonsy-2016/2016.02.06,1,False,,Настоятель нашего храма принял участие в архиерейском богослужении в храме св. блж. Ксении Петербургской в Бескудникове [/o-hrame/novosti-prihoda/nastoyatel-nashego-hrama-prinyal-uchastie-v-arhiereyskom-bogosluzhenii-v-hrame-sv.-blzh.-ksenii-peterburgskoy-v-beskudnikove.html]
https://www.sv-innokenty.ru/assets/images/novosti-i-anonsy-2016/2016.02.06/DSC09591.TIF-(2000x1414).jpg,HTTP Error 404: Not Found,/assets/images/novosti-i-anonsy-2016/2016.02.06,1,False,,Настоятель нашего храма принял участие в архиерейском богослужении в храме св. блж. Ксении Петербургской в Бескудникове [/o-hrame/novosti-prihoda/nastoyatel-nashego-hrama-prinyal-uchastie-v-arhiereyskom-bogosluzhenii-v-hrame-sv.-blzh.-ksenii-peterburgskoy-v-beskudnikove.html]
https://www.sv-innokenty.ru/assets/images/novosti-i-anonsy-2016/2016.02.18/DSC00021.TIF-(2000x1649).jpg,HTTP Error 404: Not Found,/assets/images/novosti-i-anonsy-2016/2016.02.18,1,False,,У Памятного Креста состоялась панихида [/o-hrame/novosti-prihoda/u-pamyatnogo-kresta-sostoyalas-panihida-priurochennaya-k-godovshhine-vyvoda-voysk-iz-afganistana.html]
https://www.sv-innokenty.ru/assets/images/novosti-i-anonsy-2016/2016.02.18/DSC00026.TIF-(2000x1444).jpg,HTTP Error 404: Not Found,/assets/images/novosti-i-anonsy-2016/2016.02.18,1,False,,У Памятного Креста состоялась панихида [/o-hrame/novosti-prihoda/u-pamyatnogo-kresta-sostoyalas-panihida-priurochennaya-k-godovshhine-vyvoda-voysk-iz-afganistana.html]
https://www.sv-innokenty.ru/assets/images/novosti-i-anonsy-2016/2016.02.18/DSC00031.TIF-(1473x2000).jpg,HTTP Error 404: Not Found,/assets/images/novosti-i-anonsy-2016/2016.02.18,1,False,,У Памятного Креста состоялась панихида [/o-hrame/novosti-prihoda/u-pamyatnogo-kresta-sostoyalas-panihida-priurochennaya-k-godovshhine-vyvoda-voysk-iz-afganistana.html]
https://www.sv-innokenty.ru/assets/images/novosti-i-anonsy-2016/2016.02.18/DSC00042.TIF-(2000x1284).jpg,HTTP Error 404: Not Found,/assets/images/novosti-i-anonsy-2016/2016.02.18,1,False,,У Памятного Креста состоялась панихида [/o-hrame/novosti-prihoda/u-pamyatnogo-kresta-sostoyalas-panihida-priurochennaya-k-godovshhine-vyvoda-voysk-iz-afganistana.html]
https://www.sv-innokenty.ru/assets/images/novosti-i-anonsy-2016/2016.02.18/DSC00053.TIF-(2000x1851).jpg,HTTP Error 404: Not Found,/assets/images/novosti-i-anonsy-2016/2016.02.18,1,False,,У Памятного Креста состоялась панихида [/o-hrame/novosti-prihoda/u-pamyatnogo-kresta-sostoyalas-panihida-priurochennaya-k-godovshhine-vyvoda-voysk-iz-afganistana.html]
https://www.sv-innokenty.ru/assets/images/novosti-i-anonsy-2016/2016.02.18/DSC00063.TIF-(2000x1543).jpg,HTTP Error 404: Not Found,/assets/images/novosti-i-anonsy-2016/2016.02.18,1,False,,У Памятного Креста состоялась панихида [/o-hrame/novosti-prihoda/u-pamyatnogo-kresta-sostoyalas-panihida-priurochennaya-k-godovshhine-vyvoda-voysk-iz-afganistana.html]
https://www.sv-innokenty.ru/assets/images/novosti-i-anonsy-2016/2016.02.25/DSC00094.TIF-(2000x1416).jpg,HTTP Error 404: Not Found,/assets/images/novosti-i-anonsy-2016/2016.02.25,1,False,,После Божественной литургии протоиерей Михаил Дудко поздравил иерея Алексия Есипова с днем его тезоименитства [/o-hrame/novosti-prihoda/v-den-prazdnovaniya-pamyati-svyatitelya-aleksiya-mitropolita-moskovskogo-i-vseya-rossii-chudotvorca-posle-bozhestvennoy-liturgii-protoierey-mihail-dudko-pozdravil-iereya-aleksiya-esipova-s-dnem-ego-tezoimenitstva.html]
https://www.sv-innokenty.ru/assets/images/novosti-i-anonsy-2016/2016.02.25/DSC00095.TIF-(2000x1416).jpg,HTTP Error 404: Not Found,/assets/images/novosti-i-anonsy-2016/2016.02.25,1,False,,После Божественной литургии протоиерей Михаил Дудко поздравил иерея Алексия Есипова с днем его тезоименитства [/o-hrame/novosti-prihoda/v-den-prazdnovaniya-pamyati-svyatitelya-aleksiya-mitropolita-moskovskogo-i-vseya-rossii-chudotvorca-posle-bozhestvennoy-liturgii-protoierey-mihail-dudko-pozdravil-iereya-aleksiya-esipova-s-dnem-ego-tezoimenitstva.html]
https://www.sv-innokenty.ru/assets/images/novosti-i-anonsy-2016/2016.02.25/DSC00098.TIF-(2000x1414).jpg,HTTP Error 404: Not Found,/assets/images/novosti-i-anonsy-2016/2016.02.25,1,False,,После Божественной литургии протоиерей Михаил Дудко поздравил иерея Алексия Есипова с днем его тезоименитства [/o-hrame/novosti-prihoda/v-den-prazdnovaniya-pamyati-svyatitelya-aleksiya-mitropolita-moskovskogo-i-vseya-rossii-chudotvorca-posle-bozhestvennoy-liturgii-protoierey-mihail-dudko-pozdravil-iereya-aleksiya-esipova-s-dnem-ego-tezoimenitstva.html]
https://www.sv-innokenty.ru/assets/images/novosti-i-anonsy-2016/2016.02.25/DSC00101.TIF-(2000x1415).jpg,HTTP Error 404: Not Found,/assets/images/novosti-i-anonsy-2016/2016.02.25,1,False,,После Божественной литургии протоиерей Михаил Дудко поздравил иерея Алексия Есипова с днем его тезоименитства [/o-hrame/novosti-prihoda/v-den-prazdnovaniya-pamyati-svyatitelya-aleksiya-mitropolita-moskovskogo-i-vseya-rossii-chudotvorca-posle-bozhestvennoy-liturgii-protoierey-mihail-dudko-pozdravil-iereya-aleksiya-esipova-s-dnem-ego-tezoimenitstva.html]
https://www.sv-innokenty.ru/assets/images/novosti-i-anonsy-2016/2016.02.25/DSC00102.TIF-(2000x1415).jpg,HTTP Error 404: Not Found,/assets/images/novosti-i-anonsy-2016/2016.02.25,1,False,,После Божественной литургии протоиерей Михаил Дудко поздравил иерея Алексия Есипова с днем его тезоименитства [/o-hrame/novosti-prihoda/v-den-prazdnovaniya-pamyati-svyatitelya-aleksiya-mitropolita-moskovskogo-i-vseya-rossii-chudotvorca-posle-bozhestvennoy-liturgii-protoierey-mihail-dudko-pozdravil-iereya-aleksiya-esipova-s-dnem-ego-tezoimenitstva.html]
https://www.sv-innokenty.ru/assets/images/novosti-i-anonsy-2016/2016.02.25/DSC00104.TIF-(1417x2000).jpg,HTTP Error 404: Not Found,/assets/images/novosti-i-anonsy-2016/2016.02.25,1,False,,После Божественной литургии протоиерей Михаил Дудко поздравил иерея Алексия Есипова с днем его тезоименитства [/o-hrame/novosti-prihoda/v-den-prazdnovaniya-pamyati-svyatitelya-aleksiya-mitropolita-moskovskogo-i-vseya-rossii-chudotvorca-posle-bozhestvennoy-liturgii-protoierey-mihail-dudko-pozdravil-iereya-aleksiya-esipova-s-dnem-ego-tezoimenitstva.html]
https://www.sv-innokenty.ru/assets/images/novosti-i-anonsy-2016/2016.03.06/DSC00147.TIF-(1600x1201).jpg,HTTP Error 404: Not Found,/assets/images/novosti-i-anonsy-2016/2016.03.06,1,False,,Состоялся праздник Масленицы [/o-hrame/novosti-prihoda/sostoyalsya-prazdnic-maslenici.html]
https://www.sv-innokenty.ru/assets/images/novosti-i-anonsy-2016/2016.03.06/DSC00152.TIF-(1600x1200).jpg,HTTP Error 404: Not Found,/assets/images/novosti-i-anonsy-2016/2016.03.06,1,False,,Состоялся праздник Масленицы [/o-hrame/novosti-prihoda/sostoyalsya-prazdnic-maslenici.html]
https://www.sv-innokenty.ru/assets/images/novosti-i-anonsy-2016/2016.03.06/DSC00157.TIF-(1600x1200).jpg,HTTP Error 404: Not Found,/assets/images/novosti-i-anonsy-2016/2016.03.06,1,False,,Состоялся праздник Масленицы [/o-hrame/novosti-prihoda/sostoyalsya-prazdnic-maslenici.html]
https://www.sv-innokenty.ru/assets/images/novosti-i-anonsy-2016/2016.03.06/DSC00160.TIF-(1600x1200).jpg,HTTP Error 404: Not Found,/assets/images/novosti-i-anonsy-2016/2016.03.06,1,False,,Состоялся праздник Масленицы [/o-hrame/novosti-prihoda/sostoyalsya-prazdnic-maslenici.html]
https://www.sv-innokenty.ru/assets/images/novosti-i-anonsy-2016/2016.03.06/DSC00163.TIF-(1600x1200).jpg,HTTP Error 404: Not Found,/assets/images/novosti-i-anonsy-2016/2016.03.06,1,False,,Состоялся праздник Масленицы [/o-hrame/novosti-prihoda/sostoyalsya-prazdnic-maslenici.html]
https://www.sv-innokenty.ru/assets/images/novosti-i-anonsy-2016/2016.03.06/DSC00168.TIF-(1600x1200).jpg,HTTP Error 404: Not Found,/assets/images/novosti-i-anonsy-2016/2016.03.06,1,False,,Состоялся праздник Масленицы [/o-hrame/novosti-prihoda/sostoyalsya-prazdnic-maslenici.html]
https://www.sv-innokenty.ru/assets/images/novosti-i-anonsy-2016/2016.03.06/DSC00175.TIF-(1600x1200).jpg,HTTP Error 404: Not Found,/assets/images/novosti-i-anonsy-2016/2016.03.06,1,False,,Состоялся праздник Масленицы [/o-hrame/novosti-prihoda/sostoyalsya-prazdnic-maslenici.html]
https://www.sv-innokenty.ru/assets/images/novosti-i-anonsy-2016/2016.03.06/DSC00176.TIF-(1600x1201).jpg,HTTP Error 404: Not Found,/assets/images/novosti-i-anonsy-2016/2016.03.06,1,False,,Состоялся праздник Масленицы [/o-hrame/novosti-prihoda/sostoyalsya-prazdnic-maslenici.html]
https://www.sv-innokenty.ru/assets/images/novosti-i-anonsy-2016/2016.03.06/DSC00182.TIF-(1600x1200).jpg,HTTP Error 404: Not Found,/assets/images/novosti-i-anonsy-2016/2016.03.06,1,False,,Состоялся праздник Масленицы [/o-hrame/novosti-prihoda/sostoyalsya-prazdnic-maslenici.html]
https://www.sv-innokenty.ru/assets/images/novosti-i-anonsy-2016/2016.03.06/DSC00191.TIF-(1600x1200).jpg,HTTP Error 404: Not Found,/assets/images/novosti-i-anonsy-2016/2016.03.06,1,False,,Состоялся праздник Масленицы [/o-hrame/novosti-prihoda/sostoyalsya-prazdnic-maslenici.html]
https://www.sv-innokenty.ru/assets/images/novosti-i-anonsy-2016/2016.03.06/DSC00193.TIF-(1600x1201).jpg,HTTP Error 404: Not Found,/assets/images/novosti-i-anonsy-2016/2016.03.06,1,False,,Состоялся праздник Масленицы [/o-hrame/novosti-prihoda/sostoyalsya-prazdnic-maslenici.html]
https://www.sv-innokenty.ru/assets/images/novosti-i-anonsy-2016/2016.03.06/DSC00195TIF.jpg,HTTP Error 404: Not Found,/assets/images/novosti-i-anonsy-2016/2016.03.06,1,False,,Состоялся праздник Масленицы [/o-hrame/novosti-prihoda/sostoyalsya-prazdnic-maslenici.html]
https://www.sv-innokenty.ru/assets/images/novosti-i-anonsy-2016/2016.03.06/DSC00196TIF.jpg,HTTP Error 404: Not Found,/assets/images/novosti-i-anonsy-2016/2016.03.06,1,False,,Состоялся праздник Масленицы [/o-hrame/novosti-prihoda/sostoyalsya-prazdnic-maslenici.html]
https://www.sv-innokenty.ru/assets/images/novosti-i-anonsy-2016/2016.03.06/DSC00197.TIF-(1600x1200).jpg,HTTP Error 404: Not Found,/assets/images/novosti-i-anonsy-2016/2016.03.06,1,False,,Состоялся праздник Масленицы [/o-hrame/novosti-prihoda/sostoyalsya-prazdnic-maslenici.html]
https://www.sv-innokenty.ru/assets/images/novosti-i-anonsy-2016/2016.03.06/DSC00202.TIF-(1600x1201)(1).jpg,HTTP Error 404: Not Found,/assets/images/novosti-i-anonsy-2016/2016.03.06,1,False,,Состоялся праздник Масленицы [/o-hrame/novosti-prihoda/sostoyalsya-prazdnic-maslenici.html]
https://www.sv-innokenty.ru/assets/images/novosti-i-anonsy-2016/2016.03.06/DSC00207.TIF-(1600x1199).jpg,HTTP Error 404: Not Found,/assets/images/novosti-i-anonsy-2016/2016.03.06,1,False,,Состоялся праздник Масленицы [/o-hrame/novosti-prihoda/sostoyalsya-prazdnic-maslenici.html]
https://www.sv-innokenty.ru/assets/images/novosti-i-anonsy-2016/2016.03.18/_DSC0346.TIF-(1920x1440).jpg,HTTP Error 404: Not Found,/assets/images/novosti-i-anonsy-2016/2016.03.18,1,False,,Настоятель храма свт.Иннокентия митр.Московского в Бескудникове принял участие в богослужении в Донском Ставропигиальном мужском монастыре. [/o-hrame/novosti-prihoda/nastoatel-hrama-prinal-uchastie.html]
https://www.sv-innokenty.ru/assets/images/novosti-i-anonsy-2016/2016.03.18/_DSC0347.TIF-(1920x1440).jpg,HTTP Error 404: Not Found,/assets/images/novosti-i-anonsy-2016/2016.03.18,1,False,,Настоятель храма свт.Иннокентия митр.Московского в Бескудникове принял участие в богослужении в Донском Ставропигиальном мужском монастыре. [/o-hrame/novosti-prihoda/nastoatel-hrama-prinal-uchastie.html]
https://www.sv-innokenty.ru/assets/images/novosti-i-anonsy-2016/2016.03.18/_DSC0348.TIF-(1439x1920).jpg,HTTP Error 404: Not Found,/assets/images/novosti-i-anonsy-2016/2016.03.18,1,False,,Настоятель храма свт.Иннокентия митр.Московского в Бескудникове принял участие в богослужении в Донском Ставропигиальном мужском монастыре. [/o-hrame/novosti-prihoda/nastoatel-hrama-prinal-uchastie.html]
https://www.sv-innokenty.ru/assets/images/novosti-i-anonsy-2016/2016.03.20/Kqh5SaAc0vY.jpg,HTTP Error 404: Not Found,/assets/images/novosti-i-anonsy-2016/2016.03.20,1,False,,Состоялась двухневная паломническая поездка в Оптину пустынь. [/o-hrame/novosti-prihoda/sostojalas-poezdka-v-optinu-pustin.html]
https://www.sv-innokenty.ru/assets/images/novosti-i-anonsy-2016/2016.03.20/TcvhzkvIRdw.jpg,HTTP Error 404: Not Found,/assets/images/novosti-i-anonsy-2016/2016.03.20,1,False,,Состоялась двухневная паломническая поездка в Оптину пустынь. [/o-hrame/novosti-prihoda/sostojalas-poezdka-v-optinu-pustin.html]
https://www.sv-innokenty.ru/assets/images/novosti-i-anonsy-2016/2016.03.20/VDfrigvKmak(1).jpg,HTTP Error 404: Not Found,/assets/images/novosti-i-anonsy-2016/2016.03.20,1,False,,Состоялась двухневная паломническая поездка в Оптину пустынь. [/o-hrame/novosti-prihoda/sostojalas-poezdka-v-optinu-pustin.html]
https://www.sv-innokenty.ru/assets/images/novosti-i-anonsy-2016/2016.03.20/qEBoumyVh-o.jpg,HTTP Error 404: Not Found,/assets/images/novosti-i-anonsy-2016/2016.03.20,1,False,,Состоялась двухневная паломническая поездка в Оптину пустынь. [/o-hrame/novosti-prihoda/sostojalas-poezdka-v-optinu-pustin.html]
https://www.sv-innokenty.ru/assets/images/novosti-i-anonsy-2016/2016.04.23/DSC01162.JPG,HTTP Error 404: Not Found,/assets/images/novosti-i-anonsy-2016/2016.04.23,1,False,,Прошёл очередной этап работ по благоустройству прихрамовой территории. [/o-hrame/novosti-prihoda/prishel-ocherednoi-etap-rabot.html]
https://www.sv-innokenty.ru/assets/images/novosti-i-anonsy-2016/2016.04.23/_DSC0739.TIF.jpg,HTTP Error 404: Not Found,/assets/images/novosti-i-anonsy-2016/2016.04.23,1,False,,Прошёл очередной этап работ по благоустройству прихрамовой территории. [/o-hrame/novosti-prihoda/prishel-ocherednoi-etap-rabot.html]
https://www.sv-innokenty.ru/assets/images/novosti-i-anonsy-2016/2016.04.23/_DSC0742.TIF.jpg,HTTP Error 404: Not Found,/assets/images/novosti-i-anonsy-2016/2016.04.23,1,False,,Прошёл очередной этап работ по благоустройству прихрамовой территории. [/o-hrame/novosti-prihoda/prishel-ocherednoi-etap-rabot.html]
https://www.sv-innokenty.ru/assets/images/novosti-i-anonsy-2016/2016.04.23/_DSC0743.TIF.jpg,HTTP Error 404: Not Found,/assets/images/novosti-i-anonsy-2016/2016.04.23,1,False,,Прошёл очередной этап работ по благоустройству прихрамовой территории. [/o-hrame/novosti-prihoda/prishel-ocherednoi-etap-rabot.html]
https://www.sv-innokenty.ru/assets/images/novosti-i-anonsy-2016/2016.04.23/_DSC0745.TIF.jpg,HTTP Error 404: Not Found,/assets/images/novosti-i-anonsy-2016/2016.04.23,1,False,,Прошёл очередной этап работ по благоустройству прихрамовой территории. [/o-hrame/novosti-prihoda/prishel-ocherednoi-etap-rabot.html]
https://www.sv-innokenty.ru/assets/images/novosti-i-anonsy-2016/2016.04.23/_DSC0746.TIF.jpg,HTTP Error 404: Not Found,/assets/images/novosti-i-anonsy-2016/2016.04.23,1,False,,Прошёл очередной этап работ по благоустройству прихрамовой территории. [/o-hrame/novosti-prihoda/prishel-ocherednoi-etap-rabot.html]
https://www.sv-innokenty.ru/assets/images/novosti-i-anonsy-2016/2016.04.23/_DSC1783.TIF.jpg,HTTP Error 404: Not Found,/assets/images/novosti-i-anonsy-2016/2016.04.23,1,False,,Прошёл очередной этап работ по благоустройству прихрамовой территории. [/o-hrame/novosti-prihoda/prishel-ocherednoi-etap-rabot.html]
https://www.sv-innokenty.ru/assets/images/novosti-i-anonsy-2016/2016.05.01/_DSC2926.TIF.jpg,HTTP Error 404: Not Found,/assets/images/novosti-i-anonsy-2016/2016.05.01,1,False,,1 мая в Праздник Святой Пасхи детский хор Восресной школы нашего храма участвовал в Божественной Литургии. [/o-hrame/novosti-prihoda/detskaya-liturgia.html]
https://www.sv-innokenty.ru/assets/images/novosti-i-anonsy-2016/2016.05.01/_DSC2938.TIF.jpg,HTTP Error 404: Not Found,/assets/images/novosti-i-anonsy-2016/2016.05.01,1,False,,1 мая в Праздник Святой Пасхи детский хор Восресной школы нашего храма участвовал в Божественной Литургии. [/o-hrame/novosti-prihoda/detskaya-liturgia.html]
https://www.sv-innokenty.ru/assets/images/novosti-i-anonsy-2016/2016.05.01/_DSC2952.TIF.jpg,HTTP Error 404: Not Found,/assets/images/novosti-i-anonsy-2016/2016.05.01,1,False,,1 мая в Праздник Святой Пасхи детский хор Восресной школы нашего храма участвовал в Божественной Литургии. [/o-hrame/novosti-prihoda/detskaya-liturgia.html]
https://www.sv-innokenty.ru/assets/images/novosti-i-anonsy-2016/2016.05.01/_DSC2957.TIF.jpg,HTTP Error 404: Not Found,/assets/images/novosti-i-anonsy-2016/2016.05.01,1,False,,Состоялся Пасхальный концерт в Воскресной школе [/o-hrame/novosti-prihoda/sostoyalsya-pashalnyy-koncert-v-voskresnoy-shkole.html]
https://www.sv-innokenty.ru/assets/images/novosti-i-anonsy-2016/2016.05.01/_DSC2965.TIF.jpg,HTTP Error 404: Not Found,/assets/images/novosti-i-anonsy-2016/2016.05.01,1,False,,Состоялся Пасхальный концерт в Воскресной школе [/o-hrame/novosti-prihoda/sostoyalsya-pashalnyy-koncert-v-voskresnoy-shkole.html]
https://www.sv-innokenty.ru/assets/images/novosti-i-anonsy-2016/2016.05.01/_DSC2978_1.TIF.jpg,HTTP Error 404: Not Found,/assets/images/novosti-i-anonsy-2016/2016.05.01,1,False,,Состоялся Пасхальный концерт в Воскресной школе [/o-hrame/novosti-prihoda/sostoyalsya-pashalnyy-koncert-v-voskresnoy-shkole.html]
https://www.sv-innokenty.ru/assets/images/novosti-i-anonsy-2016/2016.05.01/_DSC3001.TIF.jpg,HTTP Error 404: Not Found,/assets/images/novosti-i-anonsy-2016/2016.05.01,1,False,,Состоялся Пасхальный концерт в Воскресной школе [/o-hrame/novosti-prihoda/sostoyalsya-pashalnyy-koncert-v-voskresnoy-shkole.html]
https://www.sv-innokenty.ru/assets/images/novosti-i-anonsy-2016/2016.05.01/_DSC3025.TIF.jpg,HTTP Error 404: Not Found,/assets/images/novosti-i-anonsy-2016/2016.05.01,1,False,,Состоялся Пасхальный концерт в Воскресной школе [/o-hrame/novosti-prihoda/sostoyalsya-pashalnyy-koncert-v-voskresnoy-shkole.html]
https://www.sv-innokenty.ru/assets/images/novosti-i-anonsy-2016/2016.05.01/_DSC3031.TIF.jpg,HTTP Error 404: Not Found,/assets/images/novosti-i-anonsy-2016/2016.05.01,1,False,,Состоялся Пасхальный концерт в Воскресной школе [/o-hrame/novosti-prihoda/sostoyalsya-pashalnyy-koncert-v-voskresnoy-shkole.html]
https://www.sv-innokenty.ru/assets/images/novosti-i-anonsy-2016/2016.05.06/_DSC3082.TIF-(1280x1089).jpg,HTTP Error 404: Not Found,/assets/images/novosti-i-anonsy-2016/2016.05.06,1,False,,Сотрудники и прихожане нашего храма приняли участие в Пасхальном фестивале Северного Викариатства. [/o-hrame/novosti-prihoda/sotrudniki-i-prihozhane-hrama-prinali-uchastie.html]
https://www.sv-innokenty.ru/assets/images/novosti-i-anonsy-2016/2016.05.06/_DSC3089.TIF-(1280x905).jpg,HTTP Error 404: Not Found,/assets/images/novosti-i-anonsy-2016/2016.05.06,1,False,,Сотрудники и прихожане нашего храма приняли участие в Пасхальном фестивале Северного Викариатства. [/o-hrame/novosti-prihoda/sotrudniki-i-prihozhane-hrama-prinali-uchastie.html]
https://www.sv-innokenty.ru/assets/images/novosti-i-anonsy-2016/2016.05.06/_DSC3112.TIF-(1280x905).jpg,HTTP Error 404: Not Found,/assets/images/novosti-i-anonsy-2016/2016.05.06,1,False,,Сотрудники и прихожане нашего храма приняли участие в Пасхальном фестивале Северного Викариатства. [/o-hrame/novosti-prihoda/sotrudniki-i-prihozhane-hrama-prinali-uchastie.html]
https://www.sv-innokenty.ru/assets/images/novosti-i-anonsy-2016/2016.05.06/_DSC3144.TIF-(1280x905).jpg,HTTP Error 404: Not Found,/assets/images/novosti-i-anonsy-2016/2016.05.06,1,False,,Сотрудники и прихожане нашего храма приняли участие в Пасхальном фестивале Северного Викариатства. [/o-hrame/novosti-prihoda/sotrudniki-i-prihozhane-hrama-prinali-uchastie.html]
https://www.sv-innokenty.ru/assets/images/novosti-i-anonsy-2016/2016.05.06/_DSC3158.TIF-(1280x905).jpg,HTTP Error 404: Not Found,/assets/images/novosti-i-anonsy-2016/2016.05.06,1,False,,Сотрудники и прихожане нашего храма приняли участие в Пасхальном фестивале Северного Викариатства. [/o-hrame/novosti-prihoda/sotrudniki-i-prihozhane-hrama-prinali-uchastie.html]
https://www.sv-innokenty.ru/assets/images/novosti-i-anonsy-2016/2016.05.06/_DSC3161.TIF-(1280x906).jpg,HTTP Error 404: Not Found,/assets/images/novosti-i-anonsy-2016/2016.05.06,1,False,,Сотрудники и прихожане нашего храма приняли участие в Пасхальном фестивале Северного Викариатства. [/o-hrame/novosti-prihoda/sotrudniki-i-prihozhane-hrama-prinali-uchastie.html]
https://www.sv-innokenty.ru/assets/images/novosti-i-anonsy-2016/2016.05.06/_DSC3176.TIF-(1280x904).jpg,HTTP Error 404: Not Found,/assets/images/novosti-i-anonsy-2016/2016.05.06,1,False,,Сотрудники и прихожане нашего храма приняли участие в Пасхальном фестивале Северного Викариатства. [/o-hrame/novosti-prihoda/sotrudniki-i-prihozhane-hrama-prinali-uchastie.html]
https://www.sv-innokenty.ru/assets/images/novosti-i-anonsy-2016/2016.05.06/_DSC3201.TIF-(1280x905).jpg,HTTP Error 404: Not Found,/assets/images/novosti-i-anonsy-2016/2016.05.06,1,False,,Сотрудники и прихожане нашего храма приняли участие в Пасхальном фестивале Северного Викариатства. [/o-hrame/novosti-prihoda/sotrudniki-i-prihozhane-hrama-prinali-uchastie.html]
https://www.sv-innokenty.ru/assets/images/novosti-i-anonsy-2016/2016.05.06/_DSC3212.TIF-(1280x906).jpg,HTTP Error 404: Not Found,/assets/images/novosti-i-anonsy-2016/2016.05.06,1,False,,Сотрудники и прихожане нашего храма приняли участие в Пасхальном фестивале Северного Викариатства. [/o-hrame/novosti-prihoda/sotrudniki-i-prihozhane-hrama-prinali-uchastie.html]
https://www.sv-innokenty.ru/assets/images/novosti-i-anonsy-2016/2016.05.08/_DSC3353.TIF.jpg,HTTP Error 404: Not Found,/assets/images/novosti-i-anonsy-2016/2016.05.08,1,False,,Состоялся концерт автора-исполнителя Живолута Андрея. [/o-hrame/novosti-prihoda/sostoyalsa-koncert.html]
https://www.sv-innokenty.ru/assets/images/novosti-i-anonsy-2016/2016.05.08/_DSC3354.TIF.jpg,HTTP Error 404: Not Found,/assets/images/novosti-i-anonsy-2016/2016.05.08,1,False,,Состоялся концерт автора-исполнителя Живолута Андрея. [/o-hrame/novosti-prihoda/sostoyalsa-koncert.html]
https://www.sv-innokenty.ru/assets/images/novosti-i-anonsy-2016/2016.05.08/_DSC3355.TIF.jpg,HTTP Error 404: Not Found,/assets/images/novosti-i-anonsy-2016/2016.05.08,1,False,,Состоялся концерт автора-исполнителя Живолута Андрея. [/o-hrame/novosti-prihoda/sostoyalsa-koncert.html]
https://www.sv-innokenty.ru/assets/images/novosti-i-anonsy-2016/2016.05.09./_DSC3360.TIF.jpg,HTTP Error 404: Not Found,/assets/images/novosti-i-anonsy-2016/2016.05.09.,1,False,,В нашем храме по окончании Божественной литургии был отслужен благодарственный молебен Господу Богу за дарование Победы. [/o-hrame/novosti-prihoda/moleben-9-maya.html]
https://www.sv-innokenty.ru/assets/images/novosti-i-anonsy-2016/2016.05.09./_DSC3362.TIF.jpg,HTTP Error 404: Not Found,/assets/images/novosti-i-anonsy-2016/2016.05.09.,1,False,,В нашем храме по окончании Божественной литургии был отслужен благодарственный молебен Господу Богу за дарование Победы. [/o-hrame/novosti-prihoda/moleben-9-maya.html]
https://www.sv-innokenty.ru/assets/images/novosti-i-anonsy-2016/2016.05.09./_DSC3366.TIF.jpg,HTTP Error 404: Not Found,/assets/images/novosti-i-anonsy-2016/2016.05.09.,1,False,,В нашем храме по окончании Божественной литургии был отслужен благодарственный молебен Господу Богу за дарование Победы. [/o-hrame/novosti-prihoda/moleben-9-maya.html]
https://www.sv-innokenty.ru/assets/images/novosti-i-anonsy-2016/2016.05.22/_DSC3413.TIF.jpg,HTTP Error 404: Not Found,/assets/images/novosti-i-anonsy-2016/2016.05.22,1,False,,Поздравление иерея Николая Фатеева. [/o-hrame/novosti-prihoda/pozdravlenie-iereya-nikolaya-fateeva.html]
https://www.sv-innokenty.ru/assets/images/novosti-i-anonsy-2016/2016.05.22/_DSC3414.TIF.jpg,HTTP Error 404: Not Found,/assets/images/novosti-i-anonsy-2016/2016.05.22,1,False,,Поздравление иерея Николая Фатеева. [/o-hrame/novosti-prihoda/pozdravlenie-iereya-nikolaya-fateeva.html]
https://www.sv-innokenty.ru/assets/images/novosti-i-anonsy-2016/2016.05.22/_DSC3417.TIF.jpg,HTTP Error 404: Not Found,/assets/images/novosti-i-anonsy-2016/2016.05.22,1,False,,Поздравление иерея Николая Фатеева. [/o-hrame/novosti-prihoda/pozdravlenie-iereya-nikolaya-fateeva.html]
https://www.sv-innokenty.ru/assets/images/novosti-i-anonsy-2016/2016.05.22/_DSC3418.TIF.jpg,HTTP Error 404: Not Found,/assets/images/novosti-i-anonsy-2016/2016.05.22,1,False,,Поздравление иерея Николая Фатеева. [/o-hrame/novosti-prihoda/pozdravlenie-iereya-nikolaya-fateeva.html]
https://www.sv-innokenty.ru/assets/images/novosti-i-anonsy-2016/2016.05.22/_DSC3423.TIF.jpg,HTTP Error 404: Not Found,/assets/images/novosti-i-anonsy-2016/2016.05.22,1,False,,По окончании Божественной литургии в Воскресной школе был отслужен благодарственный молебен. [/o-hrame/novosti-prihoda/po-okonchanii-bozhestvennoi-liturgii-bil-otsluzhen.html]
https://www.sv-innokenty.ru/assets/images/novosti-i-anonsy-2016/2016.05.22/_DSC3436.TIF.jpg,HTTP Error 404: Not Found,/assets/images/novosti-i-anonsy-2016/2016.05.22,1,False,,По окончании Божественной литургии в Воскресной школе был отслужен благодарственный молебен. [/o-hrame/novosti-prihoda/po-okonchanii-bozhestvennoi-liturgii-bil-otsluzhen.html]
https://www.sv-innokenty.ru/assets/images/novosti-i-anonsy-2016/2016.05.22/_DSC3438.TIF.jpg,HTTP Error 404: Not Found,/assets/images/novosti-i-anonsy-2016/2016.05.22,1,False,,По окончании Божественной литургии в Воскресной школе был отслужен благодарственный молебен. [/o-hrame/novosti-prihoda/po-okonchanii-bozhestvennoi-liturgii-bil-otsluzhen.html]
https://www.sv-innokenty.ru/assets/images/novosti-i-anonsy-2016/2016.05.22/_DSC3445.TIF.jpg,HTTP Error 404: Not Found,/assets/images/novosti-i-anonsy-2016/2016.05.22,1,False,,"В нашем храме состоялся детский праздник, посвящённый Дню Славянской письменности. [/o-hrame/novosti-prihoda/detskit-prazdnik.html]"
https://www.sv-innokenty.ru/assets/images/novosti-i-anonsy-2016/2016.05.22/_DSC3448.TIF.jpg,HTTP Error 404: Not Found,/assets/images/novosti-i-anonsy-2016/2016.05.22,1,False,,"В нашем храме состоялся детский праздник, посвящённый Дню Славянской письменности. [/o-hrame/novosti-prihoda/detskit-prazdnik.html]"
https://www.sv-innokenty.ru/assets/images/novosti-i-anonsy-2016/2016.05.22/_DSC3454.TIF.jpg,HTTP Error 404: Not Found,/assets/images/novosti-i-anonsy-2016/2016.05.22,1,False,,"В нашем храме состоялся детский праздник, посвящённый Дню Славянской письменности. [/o-hrame/novosti-prihoda/detskit-prazdnik.html]"
https://www.sv-innokenty.ru/assets/images/novosti-i-anonsy-2016/2016.05.22/_DSC3460.TIF.jpg,HTTP Error 404: Not Found,/assets/images/novosti-i-anonsy-2016/2016.05.22,1,False,,"В нашем храме состоялся детский праздник, посвящённый Дню Славянской письменности. [/o-hrame/novosti-prihoda/detskit-prazdnik.html]"
https://www.sv-innokenty.ru/assets/images/novosti-i-anonsy-2016/2016.05.22/_DSC3462.TIF.jpg,HTTP Error 404: Not Found,/assets/images/novosti-i-anonsy-2016/2016.05.22,1,False,,"В нашем храме состоялся детский праздник, посвящённый Дню Славянской письменности. [/o-hrame/novosti-prihoda/detskit-prazdnik.html]"
https://www.sv-innokenty.ru/assets/images/novosti-i-anonsy-2016/2016.05.22/_DSC3470.TIF.jpg,HTTP Error 404: Not Found,/assets/images/novosti-i-anonsy-2016/2016.05.22,1,False,,"В нашем храме состоялся детский праздник, посвящённый Дню Славянской письменности. [/o-hrame/novosti-prihoda/detskit-prazdnik.html]"
https://www.sv-innokenty.ru/assets/images/novosti-i-anonsy-2016/2016.05.22/_DSC3472.TIF.jpg,HTTP Error 404: Not Found,/assets/images/novosti-i-anonsy-2016/2016.05.22,1,False,,"Сотрудники и прихожане нашего храма посетили благотворительный праздник ""Белый цветок"" в Марфо-Мариинской обители милосердия. [/o-hrame/novosti-prihoda/sotrudniki-i-prihozhane.html]"
https://www.sv-innokenty.ru/assets/images/novosti-i-anonsy-2016/2016.05.22/_DSC3480.TIF.jpg,HTTP Error 404: Not Found,/assets/images/novosti-i-anonsy-2016/2016.05.22,1,False,,"Сотрудники и прихожане нашего храма посетили благотворительный праздник ""Белый цветок"" в Марфо-Мариинской обители милосердия. [/o-hrame/novosti-prihoda/sotrudniki-i-prihozhane.html]"
https://www.sv-innokenty.ru/assets/images/novosti-i-anonsy-2016/2016.05.22/_DSC3487.TIF.jpg,HTTP Error 404: Not Found,/assets/images/novosti-i-anonsy-2016/2016.05.22,1,False,,"Сотрудники и прихожане нашего храма посетили благотворительный праздник ""Белый цветок"" в Марфо-Мариинской обители милосердия. [/o-hrame/novosti-prihoda/sotrudniki-i-prihozhane.html]"
https://www.sv-innokenty.ru/assets/images/novosti-i-anonsy-2016/2016.05.22/_DSC3492.TIF.jpg,HTTP Error 404: Not Found,/assets/images/novosti-i-anonsy-2016/2016.05.22,1,False,,"Сотрудники и прихожане нашего храма посетили благотворительный праздник ""Белый цветок"" в Марфо-Мариинской обители милосердия. [/o-hrame/novosti-prihoda/sotrudniki-i-prihozhane.html]"
https://www.sv-innokenty.ru/assets/images/novosti-i-anonsy-2016/2016.05.22/_DSC3495.TIF.jpg,HTTP Error 404: Not Found,/assets/images/novosti-i-anonsy-2016/2016.05.22,1,False,,"Сотрудники и прихожане нашего храма посетили благотворительный праздник ""Белый цветок"" в Марфо-Мариинской обители милосердия. [/o-hrame/novosti-prihoda/sotrudniki-i-prihozhane.html]"
https://www.sv-innokenty.ru/assets/images/novosti-i-anonsy-2016/2016.05.22/_DSC3497.TIF.jpg,HTTP Error 404: Not Found,/assets/images/novosti-i-anonsy-2016/2016.05.22,1,False,,"Сотрудники и прихожане нашего храма посетили благотворительный праздник ""Белый цветок"" в Марфо-Мариинской обители милосердия. [/o-hrame/novosti-prihoda/sotrudniki-i-prihozhane.html]"
https://www.sv-innokenty.ru/assets/images/novosti-i-anonsy-2016/2016.05.22/_DSC3511.TIF.jpg,HTTP Error 404: Not Found,/assets/images/novosti-i-anonsy-2016/2016.05.22,1,False,,"Сотрудники и прихожане нашего храма посетили благотворительный праздник ""Белый цветок"" в Марфо-Мариинской обители милосердия. [/o-hrame/novosti-prihoda/sotrudniki-i-prihozhane.html]"
https://www.sv-innokenty.ru/assets/images/novosti-i-anonsy-2016/2016.05.22/_DSC3512.TIF.jpg,HTTP Error 404: Not Found,/assets/images/novosti-i-anonsy-2016/2016.05.22,1,False,,"Сотрудники и прихожане нашего храма посетили благотворительный праздник ""Белый цветок"" в Марфо-Мариинской обители милосердия. [/o-hrame/novosti-prihoda/sotrudniki-i-prihozhane.html]"
https://www.sv-innokenty.ru/assets/images/novosti-i-anonsy-2016/2016.05.29/_DSC3528.TIF.jpg,HTTP Error 404: Not Found,/assets/images/novosti-i-anonsy-2016/2016.05.29,1,False,,Клирик нашего храма иерей Николай Фатеев отслужил молебен на участке строящегося храма прав.Алексия пресвитера Московского(Мечева) [/o-hrame/novosti-prihoda/moleben-o.nikolay.html]
https://www.sv-innokenty.ru/assets/images/novosti-i-anonsy-2016/2016.05.29/_DSC3541.TIF.jpg,HTTP Error 404: Not Found,/assets/images/novosti-i-anonsy-2016/2016.05.29,1,False,,Клирик нашего храма иерей Николай Фатеев отслужил молебен на участке строящегося храма прав.Алексия пресвитера Московского(Мечева) [/o-hrame/novosti-prihoda/moleben-o.nikolay.html]
https://www.sv-innokenty.ru/assets/images/novosti-i-anonsy-2016/2016.05.29/_DSC3553.TIF.jpg,HTTP Error 404: Not Found,/assets/images/novosti-i-anonsy-2016/2016.05.29,1,False,,Клирик нашего храма иерей Николай Фатеев отслужил молебен на участке строящегося храма прав.Алексия пресвитера Московского(Мечева) [/o-hrame/novosti-prihoda/moleben-o.nikolay.html]
https://www.sv-innokenty.ru/assets/images/novosti-i-anonsy-2016/2016.05.29/_DSC3556.TIF.jpg,HTTP Error 404: Not Found,/assets/images/novosti-i-anonsy-2016/2016.05.29,1,False,,Клирик нашего храма иерей Николай Фатеев отслужил молебен на участке строящегося храма прав.Алексия пресвитера Московского(Мечева) [/o-hrame/novosti-prihoda/moleben-o.nikolay.html]
https://www.sv-innokenty.ru/assets/images/novosti-i-anonsy-2016/2016.05.29/_DSC3565.TIF.jpg,HTTP Error 404: Not Found,/assets/images/novosti-i-anonsy-2016/2016.05.29,1,False,,Клирик нашего храма иерей Николай Фатеев отслужил молебен на участке строящегося храма прав.Алексия пресвитера Московского(Мечева) [/o-hrame/novosti-prihoda/moleben-o.nikolay.html]
https://www.sv-innokenty.ru/assets/images/novosti-i-anonsy-2016/2016.05.29/_DSC3601.TIF.jpg,HTTP Error 404: Not Found,/assets/images/novosti-i-anonsy-2016/2016.05.29,1,False,,Клирик нашего храма иерей Николай Фатеев отслужил молебен на участке строящегося храма прав.Алексия пресвитера Московского(Мечева) [/o-hrame/novosti-prihoda/moleben-o.nikolay.html]
https://www.sv-innokenty.ru/assets/images/novosti-i-anonsy-2016/2016.05.29/_DSC3620.TIF.jpg,HTTP Error 404: Not Found,/assets/images/novosti-i-anonsy-2016/2016.05.29,1,False,,Клирик нашего храма иерей Николай Фатеев отслужил молебен на участке строящегося храма прав.Алексия пресвитера Московского(Мечева) [/o-hrame/novosti-prihoda/moleben-o.nikolay.html]
https://www.sv-innokenty.ru/assets/images/novosti-i-anonsy-2016/2016.09.11/_DSC6571.TIF.jpg,HTTP Error 404: Not Found,/assets/images/novosti-i-anonsy-2016/2016.09.11,1,False,,После Божественной литургии было оглашено послание Святейшего Патриарха Кирилла. [/o-hrame/novosti-prihoda/11-sentabra.html]
https://www.sv-innokenty.ru/assets/images/novosti-i-anonsy-2016/2016.09.11/_DSC6577.TIF.jpg,HTTP Error 404: Not Found,/assets/images/novosti-i-anonsy-2016/2016.09.11,1,False,,После Божественной литургии было оглашено послание Святейшего Патриарха Кирилла. [/o-hrame/novosti-prihoda/11-sentabra.html]
https://www.sv-innokenty.ru/assets/images/novosti-i-anonsy-2016/2016.09.11/_DSC6582.TIF.jpg,HTTP Error 404: Not Found,/assets/images/novosti-i-anonsy-2016/2016.09.11,1,False,,После Божественной литургии было оглашено послание Святейшего Патриарха Кирилла. [/o-hrame/novosti-prihoda/11-sentabra.html]
https://www.sv-innokenty.ru/assets/images/novosti-i-anonsy-2016/2016.09.18/_DSC6817.TIF.jpg,HTTP Error 404: Not Found,/assets/images/novosti-i-anonsy-2016/2016.09.18,1,False,,Был отслужен молебен на возобновление деятельности молодёжного движения после летнего периода.. [/o-hrame/novosti-prihoda/moleben-blagogo-dela.html]
https://www.sv-innokenty.ru/assets/images/novosti-i-anonsy-2016/2016.09.18/_DSC6827.TIF.jpg,HTTP Error 404: Not Found,/assets/images/novosti-i-anonsy-2016/2016.09.18,1,False,,Был отслужен молебен на возобновление деятельности молодёжного движения после летнего периода.. [/o-hrame/novosti-prihoda/moleben-blagogo-dela.html]
https://www.sv-innokenty.ru/assets/images/novosti-i-anonsy-2016/2016.10.20/IMG_20161022_102948.jpg,HTTP Error 404: Not Found,/assets/images/novosti-i-anonsy-2016/2016.10.20,1,False,,Клирик нашего храма Алексий Есипов принял участие в военно-патриотическом фестивале. [/o-hrame/novosti-prihoda/klirik-nashego-hrama-aleksiy-esipov-prinyal-uchastie-v-voenno-patrioticheskom-festivale.html]
https://www.sv-innokenty.ru/assets/images/novosti-i-anonsy-2016/2016.10.20/IMG_20161022_111212.jpg,HTTP Error 404: Not Found,/assets/images/novosti-i-anonsy-2016/2016.10.20,1,False,,Клирик нашего храма Алексий Есипов принял участие в военно-патриотическом фестивале. [/o-hrame/novosti-prihoda/klirik-nashego-hrama-aleksiy-esipov-prinyal-uchastie-v-voenno-patrioticheskom-festivale.html]
https://www.sv-innokenty.ru/assets/images/novosti-i-anonsy-2016/2016.10.20/IMG_20161022_111436.jpg,HTTP Error 404: Not Found,/assets/images/novosti-i-anonsy-2016/2016.10.20,1,False,,Клирик нашего храма Алексий Есипов принял участие в военно-патриотическом фестивале. [/o-hrame/novosti-prihoda/klirik-nashego-hrama-aleksiy-esipov-prinyal-uchastie-v-voenno-patrioticheskom-festivale.html]
https://www.sv-innokenty.ru/assets/images/novosti-i-anonsy-2016/2016.10.20/PA220164.JPG,HTTP Error 404: Not Found,/assets/images/novosti-i-anonsy-2016/2016.10.20,1,False,,Клирик нашего храма Алексий Есипов принял участие в военно-патриотическом фестивале. [/o-hrame/novosti-prihoda/klirik-nashego-hrama-aleksiy-esipov-prinyal-uchastie-v-voenno-patrioticheskom-festivale.html]
https://www.sv-innokenty.ru/assets/images/novosti-i-anonsy-2016/2016.10.27/DSCF0061.JPG,HTTP Error 404: Not Found,/assets/images/novosti-i-anonsy-2016/2016.10.27,1,False,,В нашем храме прошёл очередной семинар для педагогов общеобразовательных школ САО г.Москвы. [/o-hrame/novosti-prihoda/v-nashem-hrame-seminar.html]
https://www.sv-innokenty.ru/assets/images/novosti-i-anonsy-2016/2016.10.27/DSCF0062.TIF.jpg,HTTP Error 404: Not Found,/assets/images/novosti-i-anonsy-2016/2016.10.27,1,False,,В нашем храме прошёл очередной семинар для педагогов общеобразовательных школ САО г.Москвы. [/o-hrame/novosti-prihoda/v-nashem-hrame-seminar.html]
https://www.sv-innokenty.ru/assets/images/novosti-i-anonsy-2016/2016.10.27/DSCF0067.TIF.jpg,HTTP Error 404: Not Found,/assets/images/novosti-i-anonsy-2016/2016.10.27,1,False,,В нашем храме прошёл очередной семинар для педагогов общеобразовательных школ САО г.Москвы. [/o-hrame/novosti-prihoda/v-nashem-hrame-seminar.html]
https://www.sv-innokenty.ru/assets/images/novosti-i-anonsy-2016/2016.11.27/DSCF0516.TIF.jpg,HTTP Error 404: Not Found,/assets/images/novosti-i-anonsy-2016/2016.11.27,1,False,,"Состоялся праздник ""Мама дорогая"", посвящённый Дню матери. [/o-hrame/novosti-prihoda/sostoyalsya-prazdnic-mama-dorogaya.html]"
https://www.sv-innokenty.ru/assets/images/novosti-i-anonsy-2016/2016.11.27/DSCF0530.TIF.jpg,HTTP Error 404: Not Found,/assets/images/novosti-i-anonsy-2016/2016.11.27,1,False,,"Состоялся праздник ""Мама дорогая"", посвящённый Дню матери. [/o-hrame/novosti-prihoda/sostoyalsya-prazdnic-mama-dorogaya.html]"
https://www.sv-innokenty.ru/assets/images/novosti-i-anonsy-2016/2016.11.27/DSCF0534.TIF.jpg,HTTP Error 404: Not Found,/assets/images/novosti-i-anonsy-2016/2016.11.27,1,False,,"Состоялся праздник ""Мама дорогая"", посвящённый Дню матери. [/o-hrame/novosti-prihoda/sostoyalsya-prazdnic-mama-dorogaya.html]"
https://www.sv-innokenty.ru/assets/images/novosti-i-anonsy-2016/2016.11.27/DSCF0535.TIF.jpg,HTTP Error 404: Not Found,/assets/images/novosti-i-anonsy-2016/2016.11.27,1,False,,"Состоялся праздник ""Мама дорогая"", посвящённый Дню матери. [/o-hrame/novosti-prihoda/sostoyalsya-prazdnic-mama-dorogaya.html]"
https://www.sv-innokenty.ru/assets/images/novosti-i-anonsy-2016/2016.11.27/DSCF0539.TIF.jpg,HTTP Error 404: Not Found,/assets/images/novosti-i-anonsy-2016/2016.11.27,1,False,,"Состоялся праздник ""Мама дорогая"", посвящённый Дню матери. [/o-hrame/novosti-prihoda/sostoyalsya-prazdnic-mama-dorogaya.html]"
https://www.sv-innokenty.ru/assets/images/novosti-i-anonsy-2016/2016.11.27/DSCF0545.TIF.jpg,HTTP Error 404: Not Found,/assets/images/novosti-i-anonsy-2016/2016.11.27,1,False,,"Состоялся праздник ""Мама дорогая"", посвящённый Дню матери. [/o-hrame/novosti-prihoda/sostoyalsya-prazdnic-mama-dorogaya.html]"
https://www.sv-innokenty.ru/assets/images/novosti-i-anonsy-2016/2016.11.27/DSCF0549.TIF.jpg,HTTP Error 404: Not Found,/assets/images/novosti-i-anonsy-2016/2016.11.27,1,False,,"Состоялся праздник ""Мама дорогая"", посвящённый Дню матери. [/o-hrame/novosti-prihoda/sostoyalsya-prazdnic-mama-dorogaya.html]"
https://www.sv-innokenty.ru/assets/images/novosti-i-anonsy-2016/2016.11.27/DSCF0555.TIF.jpg,HTTP Error 404: Not Found,/assets/images/novosti-i-anonsy-2016/2016.11.27,1,False,,"Состоялся праздник ""Мама дорогая"", посвящённый Дню матери. [/o-hrame/novosti-prihoda/sostoyalsya-prazdnic-mama-dorogaya.html]"
https://www.sv-innokenty.ru/assets/images/novosti-i-anonsy-2016/2016.11.27/DSCF0558.TIF.jpg,HTTP Error 404: Not Found,/assets/images/novosti-i-anonsy-2016/2016.11.27,1,False,,"Состоялся праздник ""Мама дорогая"", посвящённый Дню матери. [/o-hrame/novosti-prihoda/sostoyalsya-prazdnic-mama-dorogaya.html]"
https://www.sv-innokenty.ru/assets/images/novosti-i-anonsy-2016/2016.11.27/DSCF0560.TIF.jpg,HTTP Error 404: Not Found,/assets/images/novosti-i-anonsy-2016/2016.11.27,1,False,,"Состоялся праздник ""Мама дорогая"", посвящённый Дню матери. [/o-hrame/novosti-prihoda/sostoyalsya-prazdnic-mama-dorogaya.html]"
https://www.sv-innokenty.ru/assets/images/novosti-i-anonsy-2016/2016.11.27/DSCF0565.TIF.jpg,HTTP Error 404: Not Found,/assets/images/novosti-i-anonsy-2016/2016.11.27,1,False,,"Состоялся праздник ""Мама дорогая"", посвящённый Дню матери. [/o-hrame/novosti-prihoda/sostoyalsya-prazdnic-mama-dorogaya.html]"
https://www.sv-innokenty.ru/assets/images/novosti-i-anonsy-2016/2016.11.27/DSCF0569.TIF.jpg,HTTP Error 404: Not Found,/assets/images/novosti-i-anonsy-2016/2016.11.27,1,False,,"Состоялся праздник ""Мама дорогая"", посвящённый Дню матери. [/o-hrame/novosti-prihoda/sostoyalsya-prazdnic-mama-dorogaya.html]"
https://www.sv-innokenty.ru/assets/images/novosti-i-anonsy-2016/2016.11.27/DSCF0579.TIF.jpg,HTTP Error 404: Not Found,/assets/images/novosti-i-anonsy-2016/2016.11.27,1,False,,"Состоялся праздник ""Мама дорогая"", посвящённый Дню матери. [/o-hrame/novosti-prihoda/sostoyalsya-prazdnic-mama-dorogaya.html]"
https://www.sv-innokenty.ru/assets/images/novosti-i-anonsy-2016/2016.11.27/DSCF0584.TIF.jpg,HTTP Error 404: Not Found,/assets/images/novosti-i-anonsy-2016/2016.11.27,1,False,,"Состоялся праздник ""Мама дорогая"", посвящённый Дню матери. [/o-hrame/novosti-prihoda/sostoyalsya-prazdnic-mama-dorogaya.html]"
https://www.sv-innokenty.ru/assets/images/novosti-i-anonsy-2016/2016.11.27/DSCF0590.TIF.jpg,HTTP Error 404: Not Found,/assets/images/novosti-i-anonsy-2016/2016.11.27,1,False,,"Состоялся праздник ""Мама дорогая"", посвящённый Дню матери. [/o-hrame/novosti-prihoda/sostoyalsya-prazdnic-mama-dorogaya.html]"
https://www.sv-innokenty.ru/assets/images/novosti-i-anonsy-2016/2016.11.27/DSCF0592.TIF.jpg,HTTP Error 404: Not Found,/assets/images/novosti-i-anonsy-2016/2016.11.27,1,False,,"Состоялся праздник ""Мама дорогая"", посвящённый Дню матери. [/o-hrame/novosti-prihoda/sostoyalsya-prazdnic-mama-dorogaya.html]"
https://www.sv-innokenty.ru/assets/images/novosti-i-anonsy-2016/2016.11.27/DSCF0600.TIF.jpg,HTTP Error 404: Not Found,/assets/images/novosti-i-anonsy-2016/2016.11.27,1,False,,"Состоялся праздник ""Мама дорогая"", посвящённый Дню матери. [/o-hrame/novosti-prihoda/sostoyalsya-prazdnic-mama-dorogaya.html]"
https://www.sv-innokenty.ru/assets/images/novosti-i-anonsy-2016/2016.12.25/DSCF0932.TIF.jpg,HTTP Error 404: Not Found,/assets/images/novosti-i-anonsy-2016/2016.12.25,1,False,,24 и 25 декабря в актовом зале нашего храма прошла Рождественская благотворительная ярмарка. [/o-hrame/novosti-prihoda/24-i-25-jarmarka.html]
https://www.sv-innokenty.ru/assets/images/novosti-i-anonsy-2016/2016.12.25/DSCF0935.TIF.jpg,HTTP Error 404: Not Found,/assets/images/novosti-i-anonsy-2016/2016.12.25,1,False,,24 и 25 декабря в актовом зале нашего храма прошла Рождественская благотворительная ярмарка. [/o-hrame/novosti-prihoda/24-i-25-jarmarka.html]
https://www.sv-innokenty.ru/assets/images/novosti-i-anonsy-2016/2016.12.25/DSCF0938.TIF.jpg,HTTP Error 404: Not Found,/assets/images/novosti-i-anonsy-2016/2016.12.25,1,False,,24 и 25 декабря в актовом зале нашего храма прошла Рождественская благотворительная ярмарка. [/o-hrame/novosti-prihoda/24-i-25-jarmarka.html]
https://www.sv-innokenty.ru/assets/images/novosti-i-anonsy-2016/2016.12.25/DSCF0939.TIF.jpg,HTTP Error 404: Not Found,/assets/images/novosti-i-anonsy-2016/2016.12.25,1,False,,24 и 25 декабря в актовом зале нашего храма прошла Рождественская благотворительная ярмарка. [/o-hrame/novosti-prihoda/24-i-25-jarmarka.html]
https://www.sv-innokenty.ru/assets/images/novosti-i-anonsy-2016/2016.12.25/DSCF0942.TIF.jpg,HTTP Error 404: Not Found,/assets/images/novosti-i-anonsy-2016/2016.12.25,1,False,,24 и 25 декабря в актовом зале нашего храма прошла Рождественская благотворительная ярмарка. [/o-hrame/novosti-prihoda/24-i-25-jarmarka.html]
https://www.sv-innokenty.ru/assets/images/novosti-i-anonsy-2016/2016.12.25/DSCF0948.TIF.jpg,HTTP Error 404: Not Found,/assets/images/novosti-i-anonsy-2016/2016.12.25,1,False,,24 и 25 декабря в актовом зале нашего храма прошла Рождественская благотворительная ярмарка. [/o-hrame/novosti-prihoda/24-i-25-jarmarka.html]
https://www.sv-innokenty.ru/assets/images/novosti-i-anonsy-2016/2016.12.25/DSCF0949.TIF.jpg,HTTP Error 404: Not Found,/assets/images/novosti-i-anonsy-2016/2016.12.25,1,False,,24 и 25 декабря в актовом зале нашего храма прошла Рождественская благотворительная ярмарка. [/o-hrame/novosti-prihoda/24-i-25-jarmarka.html]
https://www.sv-innokenty.ru/assets/images/novosti-i-anonsy-2016/2016.12.25/DSCF0952.TIF.jpg,HTTP Error 404: Not Found,/assets/images/novosti-i-anonsy-2016/2016.12.25,1,False,,24 и 25 декабря в актовом зале нашего храма прошла Рождественская благотворительная ярмарка. [/o-hrame/novosti-prihoda/24-i-25-jarmarka.html]
https://www.sv-innokenty.ru/assets/images/novosti-i-anonsy-2016/2016.12.25/DSCF0953.TIF.jpg,HTTP Error 404: Not Found,/assets/images/novosti-i-anonsy-2016/2016.12.25,1,False,,24 и 25 декабря в актовом зале нашего храма прошла Рождественская благотворительная ярмарка. [/o-hrame/novosti-prihoda/24-i-25-jarmarka.html]
https://www.sv-innokenty.ru/assets/images/novosti-i-anonsy-2016/2016.12.25/DSCF0956.TIF.jpg,HTTP Error 404: Not Found,/assets/images/novosti-i-anonsy-2016/2016.12.25,1,False,,24 и 25 декабря в актовом зале нашего храма прошла Рождественская благотворительная ярмарка. [/o-hrame/novosti-prihoda/24-i-25-jarmarka.html]
https://www.sv-innokenty.ru/assets/images/novosti-i-anonsy-2016/2016.12.25/DSCF0957.TIF.jpg,HTTP Error 404: Not Found,/assets/images/novosti-i-anonsy-2016/2016.12.25,1,False,,24 и 25 декабря в актовом зале нашего храма прошла Рождественская благотворительная ярмарка. [/o-hrame/novosti-prihoda/24-i-25-jarmarka.html]
https://www.sv-innokenty.ru/assets/images/novosti-i-anonsy-2016/DSC08380.TIF-(2000x1415).jpg,HTTP Error 404: Not Found,/assets/images/novosti-i-anonsy-2016,1,False,,Состоялась благотворительная Рождественская ярмарка [/o-hrame/novosti-prihoda/sostoyalas-blagotvoritelnaya-rozhdestvenskaya-yarmarka.html]
https://www.sv-innokenty.ru/assets/images/novosti-i-anonsy-2016/DSC08628.TIF-(2000x1290).jpg,HTTP Error 404: Not Found,/assets/images/novosti-i-anonsy-2016,1,False,,Впервые на Божественной литургии пел детский хор нашего храма [/o-hrame/novosti-prihoda/vpervye-na-bozhestvennoy-liturgii-pel-detskiy-hor-nashego-hrama.html]
https://www.sv-innokenty.ru/assets/images/novosti-i-anonsy-2016/DSC08632.TIF-(2000x1551).jpg,HTTP Error 404: Not Found,/assets/images/novosti-i-anonsy-2016,1,False,,Впервые на Божественной литургии пел детский хор нашего храма [/o-hrame/novosti-prihoda/vpervye-na-bozhestvennoy-liturgii-pel-detskiy-hor-nashego-hrama.html]
https://www.sv-innokenty.ru/assets/images/novosti-i-anonsy-2016/DSC08637.TIF-(2000x1522).jpg,HTTP Error 404: Not Found,/assets/images/novosti-i-anonsy-2016,1,False,,Впервые на Божественной литургии пел детский хор нашего храма [/o-hrame/novosti-prihoda/vpervye-na-bozhestvennoy-liturgii-pel-detskiy-hor-nashego-hrama.html]
https://www.sv-innokenty.ru/assets/images/novosti-i-anonsy-2016/DSC08639.TIF-(2000x1377).jpg,HTTP Error 404: Not Found,/assets/images/novosti-i-anonsy-2016,1,False,,Впервые на Божественной литургии пел детский хор нашего храма [/o-hrame/novosti-prihoda/vpervye-na-bozhestvennoy-liturgii-pel-detskiy-hor-nashego-hrama.html]
https://www.sv-innokenty.ru/assets/images/novosti-i-anonsy-2016/DSC08642.TIF-(2000x1187).jpg,HTTP Error 404: Not Found,/assets/images/novosti-i-anonsy-2016,1,False,,Впервые на Божественной литургии пел детский хор нашего храма [/o-hrame/novosti-prihoda/vpervye-na-bozhestvennoy-liturgii-pel-detskiy-hor-nashego-hrama.html]
https://www.sv-innokenty.ru/assets/images/novosti-i-anonsy-2016/DSC09118.TIF.jpg,HTTP Error 404: Not Found,/assets/images/novosti-i-anonsy-2016,1,False,,"Состоялась очередная встреча семейного клуба ""Каравай"" [/o-hrame/novosti-prihoda/sostoyalas-ocherednaya-vstrecha-semeynogo-kluba-karavay.html]"
https://www.sv-innokenty.ru/assets/images/novosti-i-anonsy-2016/DSC09133.TIF.jpg,HTTP Error 404: Not Found,/assets/images/novosti-i-anonsy-2016,1,False,,"Состоялась очередная встреча семейного клуба ""Каравай"" [/o-hrame/novosti-prihoda/sostoyalas-ocherednaya-vstrecha-semeynogo-kluba-karavay.html]"
https://www.sv-innokenty.ru/assets/images/novosti-i-anonsy-2016/DSCF0978.TIF.jpg,HTTP Error 404: Not Found,/assets/images/novosti-i-anonsy-2016,1,False,,Была отслужена панихида по погибшим в авиакатастрофе Ту-154 Министерства Обороны РФ. [/o-hrame/novosti-prihoda/bilf-otsluzhena-panihida.html]
https://www.sv-innokenty.ru/assets/images/novosti-i-anonsy-2016/DSCF0994.TIF.jpg,HTTP Error 404: Not Found,/assets/images/novosti-i-anonsy-2016,1,False,,Была отслужена панихида по погибшим в авиакатастрофе Ту-154 Министерства Обороны РФ. [/o-hrame/novosti-prihoda/bilf-otsluzhena-panihida.html]
https://www.sv-innokenty.ru/assets/images/novosti-i-anonsy-2016/Plakat-01-1024x727.jpg,HTTP Error 404: Not Found,/assets/images/novosti-i-anonsy-2016,1,False,,Духовенство нашего храма приняло участие в региональном этапе XXV Рождественских чтений. [/o-hrame/novosti-prihoda/rozhdestvenskie-chtenia.html]
https://www.sv-innokenty.ru/assets/images/novosti-i-anonsy-2016/_DSC5501.TIF.jpg,HTTP Error 404: Not Found,/assets/images/novosti-i-anonsy-2016,1,False,,Поздравление иерея Глеба Седова. [/o-hrame/novosti-prihoda/pozdravlenie-iereya-gleba-sedova.html]
https://www.sv-innokenty.ru/assets/images/novosti-i-anonsy-2016/_DSC5503.TIF.jpg,HTTP Error 404: Not Found,/assets/images/novosti-i-anonsy-2016,1,False,,Поздравление иерея Глеба Седова. [/o-hrame/novosti-prihoda/pozdravlenie-iereya-gleba-sedova.html]
https://www.sv-innokenty.ru/assets/images/novosti-i-anonsy-2016/_DSC5509.TIF.jpg,HTTP Error 404: Not Found,/assets/images/novosti-i-anonsy-2016,1,False,,Поздравление иерея Глеба Седова. [/o-hrame/novosti-prihoda/pozdravlenie-iereya-gleba-sedova.html]
https://www.sv-innokenty.ru/assets/images/novosti-i-anonsy-2016/_DSC5516.TIF.jpg,HTTP Error 404: Not Found,/assets/images/novosti-i-anonsy-2016,1,False,,Воскресные чаепития. [/o-hrame/novosti-prihoda/voskresnia-chaepitia.html]
https://www.sv-innokenty.ru/assets/images/novosti-i-anonsy-2016/_DSC5518.TIF.jpg,HTTP Error 404: Not Found,/assets/images/novosti-i-anonsy-2016,1,False,,Воскресные чаепития. [/o-hrame/novosti-prihoda/voskresnia-chaepitia.html]
https://www.sv-innokenty.ru/assets/images/novosti-i-anonsy-2016/_DSC6463.JPG,HTTP Error 404: Not Found,/assets/images/novosti-i-anonsy-2016,1,False,,Молебен на начало учебного года. [/o-hrame/novosti-prihoda/moleben-na-nachalo-2016.html]
https://www.sv-innokenty.ru/assets/images/novosti-i-anonsy-2016/_DSC6473.JPG,HTTP Error 404: Not Found,/assets/images/novosti-i-anonsy-2016,1,False,,Молебен на начало учебного года. [/o-hrame/novosti-prihoda/moleben-na-nachalo-2016.html]
https://www.sv-innokenty.ru/assets/images/novosti-i-anonsy-2016/_DSC6474.JPG,HTTP Error 404: Not Found,/assets/images/novosti-i-anonsy-2016,1,False,,Молебен на начало учебного года. [/o-hrame/novosti-prihoda/moleben-na-nachalo-2016.html]
https://www.sv-innokenty.ru/assets/images/novosti-i-anonsy-2016/_DSC6477_1.JPG,HTTP Error 404: Not Found,/assets/images/novosti-i-anonsy-2016,1,False,,Молебен на начало учебного года. [/o-hrame/novosti-prihoda/moleben-na-nachalo-2016.html]
https://www.sv-innokenty.ru/assets/images/novosti-i-anonsy-2016/unnamed-(1).jpg,HTTP Error 404: Not Found,/assets/images/novosti-i-anonsy-2016,1,False,,Состоялась паломническая поездка. [/o-hrame/novosti-prihoda/sostojalas-poezdka.html]
https://www.sv-innokenty.ru/assets/images/novosti-i-anonsy-2016/unnamed-(2).jpg,HTTP Error 404: Not Found,/assets/images/novosti-i-anonsy-2016,1,False,,Состоялась паломническая поездка. [/o-hrame/novosti-prihoda/sostojalas-poezdka.html]
https://www.sv-innokenty.ru/assets/images/novosti-i-anonsy-2016/unnamed-(3).jpg,HTTP Error 404: Not Found,/assets/images/novosti-i-anonsy-2016,1,False,,Состоялась паломническая поездка. [/o-hrame/novosti-prihoda/sostojalas-poezdka.html]
https://www.sv-innokenty.ru/assets/images/novosti-i-anonsy-2016/unnamed-(4).jpg,HTTP Error 404: Not Found,/assets/images/novosti-i-anonsy-2016,1,False,,Состоялась паломническая поездка. [/o-hrame/novosti-prihoda/sostojalas-poezdka.html]
https://www.sv-innokenty.ru/assets/images/novosti-i-anonsy-2016/unnamed-(5).jpg,HTTP Error 404: Not Found,/assets/images/novosti-i-anonsy-2016,1,False,,Состоялась паломническая поездка. [/o-hrame/novosti-prihoda/sostojalas-poezdka.html]
https://www.sv-innokenty.ru/assets/images/novosti-i-anonsy-2016/unnamed.jpg,HTTP Error 404: Not Found,/assets/images/novosti-i-anonsy-2016,1,False,,Состоялась паломническая поездка. [/o-hrame/novosti-prihoda/sostojalas-poezdka.html]
